{
  "lr_backbone": 1.569639638866115e-05,
  "lr_classifier": 0.0006978281265126031,
  "weight_decay": 0.00015030900645056822,
  "pct_start": 0.15879485872574356,
  "label_smoothing": 0.009045457782107613,
  "mixup_prob": 0.227731231534285
}