{
  "lr_backbone": 4.6225890010208326e-05,
  "lr_classifier": 2.6587543983272695e-05,
  "weight_decay": 0.0002310201887845295,
  "pct_start": 0.15502135295603015,
  "label_smoothing": 0.06084844859190755,
  "mixup_prob": 0.3673295021425665
}